{"cameraMode":{"drawMode":0,"name":"Shaded","section":"Shading Mode"},"sceneLighting":true,"audioPlay":false,"sceneViewState":{"m_AlwaysRefresh":false,"showFog":true,"showSkybox":true,"showFlares":true,"showImageEffects":true,"showParticleSystems":true,"showVisualEffectGraphs":true,"m_FxEnabled":true},"in2DMode":false,"pivot":{"x":11.111173629760743,"y":-37.62306213378906,"z":87.94023895263672},"rotation":{"x":-0.19103007018566132,"y":-0.03242498263716698,"z":0.006312220823019743,"w":-0.9810631275177002},"size":66.66094207763672,"orthographic":false}