{"cameraMode":{"drawMode":0,"name":"Shaded","section":"Shading Mode"},"sceneLighting":true,"audioPlay":false,"sceneViewState":{"m_AlwaysRefresh":false,"showFog":true,"showSkybox":true,"showFlares":true,"showImageEffects":true,"showParticleSystems":true,"showVisualEffectGraphs":true,"m_FxEnabled":true},"in2DMode":false,"pivot":{"x":16.69316864013672,"y":2.525563955307007,"z":0.7688157558441162},"rotation":{"x":0.008531537838280201,"y":0.9756810665130615,"z":-0.03836822137236595,"w":0.21616725623607636},"size":10.469779014587403,"orthographic":false}